{
  "devName": "Kongduino", "freq": 868.125, "sf": 12, "bw": 125,
  "pre": 8, "tx": 22, "cr": 5, "ap": 60, "hm": 0, "aes": 0, "pb": 0,
  "addGPS": "22.269422,114.149308"
}
